"","season","scenario","ppt.past","ppt.present","ppt.future","change"
"1","fall2spr","rcp26",181.145743282498,190.188460864198,197.742040380658,0.0916184769093812
"4","summer","rcp26",68.2684318566933,71.5199481481481,74.4730298353909,0.0908853156569075
"7","fall2spr","rcp45",181.02765640886,189.575362407407,197.212289544753,0.0894042018604023
"10","summer","rcp45",68.2640417574437,70.3408744444444,74.4218773148148,0.0902061377972777
"13","fall2spr","rcp60",181.197814343756,187.680941441441,196.853888325826,0.0864032164999999
"16","summer","rcp60",68.2573043631867,68.4443863063063,72.2058753753754,0.0578483291865572
"19","fall2spr","rcp85",181.016918530793,190.262227511737,200.848410602504,0.109556014060298
"22","summer","rcp85",68.2597823805579,70.1352022535211,77.3648732394366,0.133388805843485
