"","insamp_rmse","insamp_cor"
"1",4.30897686821969,0.622132262054853
