"","insamp_rmse","insamp_cor"
"1",4.3034647776482,0.622510780414575
